<?xml version="1.0" encoding="UTF-8"?>
<metadata xml:lang="ru"><Esri><CreaDate>20210726</CreaDate><CreaTime>11230800</CreaTime><ArcGISFormat>1.0</ArcGISFormat><SyncOnce>TRUE</SyncOnce><DataProperties><itemProps><itemLocation><linkage Sync="TRUE">file://\\KMULK5\Users\k.mulk5\Desktop\2021-МУХОФАЗА ЗОНАЛАРИ\ALL</linkage><protocol Sync="TRUE">Local Area Network</protocol></itemLocation></itemProps><copyHistory><copy source="C:\Users\k.mulk5\Desktop\Геология 26.07.2021\ALL" dest="\\KMULK5\Users\k.mulk5\Desktop\2021-МУХОФАЗА ЗОНАЛАРИ\ALL" date="20210726" time="11230800"></copy></copyHistory></DataProperties></Esri></metadata>
