<?xml version="1.0" encoding="UTF-8"?>
<metadata xml:lang="ru"><Esri><CreaDate>20210527</CreaDate><CreaTime>15062800</CreaTime><ArcGISFormat>1.0</ArcGISFormat><SyncOnce>TRUE</SyncOnce><DataProperties><lineage><Process ToolSource="c:\program files (x86)\arcgis\desktop10.6\ArcToolbox\Toolboxes\Data Management Tools.tbx\CalculateField" Date="20210425" Time="102358">CalculateField ЕРДАН_ФОЙДАЛАНУВЧИ Сенмантика "1" VB #</Process><Process ToolSource="c:\program files (x86)\arcgis\desktop10.6\ArcToolbox\Toolboxes\Data Management Tools.tbx\DeleteField" Date="20210519" Time="112155">DeleteField рнппп OBJECTID;User_ID;Egasi;STIR;Yunalishi;Kontur_son;Maydoni_ga;Haydalma_y;Haydalma_1;Haydalma_2;Boglar;Boglar_sug;Boglar_s_1;Boglar_lal;Haydalma_3;Tokzorlar;Суғ;Tokzorlar_;Tokzorlar1;Иссиқ;Kuchatzor;Tutzor;Терак;Buz_yer_su;Buz_yer_la;Yaylov;Pichanzor;Jami_QX_ye;Jami_QX__1;Tomorqa;Dala_tomar;Meliorativ;Urmonzor;Ihota_dara;Butazor;Сув;Daryo_soyl;Kullar;Suv_ombor_;Ка;Yullar;Kuchalar_q;Boshqalar;Yerdan_foy;Huquq_turi;Hujjat_raq;Hujjat_nom;Hujjat_ber;MFY;Massiv;Tuman;Viloyat;Сенма;SHAPE_Leng</Process></lineage></DataProperties></Esri></metadata>
